"serum","dilution","date","pct_sars2","pct_sars1","norm_sars2","norm_sars1"
"JF5_pos",10,"200923",0.680348,0.238816,0.196688647907927,0.344860151826496
"JF5_neg",10,"200923",2.026982,0.443092,0.568495957248276,0.539901789957231
"JF5_pos",21.5443469,"200923",0.752098,0.445449,0.2174315772432,0.643246724553466
"JF5_neg",21.5443469,"200923",2.065146,0.452859,0.57919959433653,0.551802751343382
"JF5_pos",46.41588834,"200923",1.111782,0.419301,0.321416243375995,0.605487934313452
"JF5_neg",46.41588834,"200923",2.08525,0.465557,0.584838047329462,0.567275097783572
"JF5_pos",100,"200923",1.665759,0.522151,0.481571027548345,0.754007575440324
"JF5_neg",100,"200923",2.200076,0.504123,0.617042633648921,0.614267262912915
"JF5_pos",215.443469,"200923",3.003859,0.745925,0.868415818398906,1.07714645899428
"JF5_neg",215.443469,"200923",2.645131,0.61154,0.74186464403339,0.745153468422912
"JF5_pos",464.1588834,"200923",3.602559,0.815533,1.04150002457351,1.17766328135266
"JF5_neg",464.1588834,"200923",3.452741,0.999856,0.968370365363564,1.21831142087755
"JF5_pos",1000,"200923",3.36107,0.839359,0.971685540082278,1.21206900784259
"JF5_neg",1000,"200923",3.093783,0.889018,0.867695484273389,1.08325677174085
"JF5_pos",10,"200924",0.392397,0.116493,0.0186052366745019,0.0503949427258424
"JF5_neg",10,"200924",7.75803,0.56959,0.379749289098668,0.245541612834948
"JF5_pos",21.5443469,"200924",1.071482,0.232279,0.0508035897381189,0.100484036821233
"JF5_neg",21.5443469,"200924",10.845639,0.905545,0.530885250517307,0.390366719560776
"JF5_pos",46.41588834,"200924",2.102961,0.616869,0.102938238799312,0.265922872887307
"JF5_neg",46.41588834,"200924",11.80483,0.973651,0.559717979628438,0.421202015399716
"JF5_pos",100,"200924",4.887111,0.920263,0.239220127789694,0.396711426205389
"JF5_neg",100,"200924",15.284787,1.2497,0.72471777219079,0.540620980869968
"JF5_pos",215.443469,"200924",7.573921,1.005817,0.370737302567723,0.433592458429411
"JF5_neg",215.443469,"200924",14.980531,1.267257,0.710291681039132,0.548216149759409
"JF5_pos",464.1588834,"200924",17.889716,1.90779,0.875687118144305,0.822419342949112
"JF5_neg",464.1588834,"200924",19.377331,1.643154,0.918762960407858,0.710829420821327
"JF5_pos",1000,"200924",16.599128,1.743253,0.812513880154858,0.751489936971086
"JF5_neg",1000,"200924",20.341985,1.746565,0.964501373237225,0.755565082382297
"JF5_pos",10,"200930",0.300831,0.213993,0.0458613273809188,0.0672989621468694
"JF5_neg",10,"200930",2.25785,0.65658,0.261322690844209,0.178475706884273
"JF5_pos",21.5443469,"200930",0.562091,0.530767,0.0856901029776454,0.166921666791939
"JF5_neg",21.5443469,"200930",2.402419,1.003636,0.278055051316631,0.272814652524451
"JF5_pos",46.41588834,"200930",0.792771,1.662262,0.0917550107151736,0.451846516002414
"JF5_neg",46.41588834,"200930",1.073424,0.977113,0.163642209355204,0.307293653531723
"JF5_pos",100,"200930",1.515397,2.046018,0.175391466101487,0.556161486563626
"JF5_neg",100,"200930",1.860804,1.255237,0.283677351854441,0.394761264846747
"JF5_pos",215.443469,"200930",2.988805,2.517867,0.345923141487976,0.684422450677119
"JF5_neg",215.443469,"200930",2.233839,1.735165,0.340546092973345,0.54569450240696
"JF5_pos",464.1588834,"200930",3.43766,2.820128,0.397873446600751,0.766584937561501
"JF5_neg",464.1588834,"200930",3.093274,1.878647,0.471565934338164,0.590818360134816
"JF5_pos",1000,"200930",4.55631,2.527419,0.52734556747365,0.68701893541951
"JF5_neg",1000,"200930",4.249394,2.091639,0.647815050325638,0.657802516371637
"JF5_pos",10,"201005",0.284227,0.151342,0.10152389246062,0.159772390167171
"JF5_neg",10,"201005",1.365036,0.242901,0.643662052855285,0.280950717583811
"JF5_pos",21.5443469,"201005",0.361549,0.185294,0.129142768967216,0.195615660316606
"JF5_neg",21.5443469,"201005",1.178688,0.302986,0.555792475624006,0.350447853725791
"JF5_pos",46.41588834,"201005",0.352626,0.264469,0.125955535902003,0.279201043035783
"JF5_neg",46.41588834,"201005",1.11957,0.293124,0.527916278043357,0.339041000823533
"JF5_pos",100,"201005",1.121347,0.425195,0.400537289698161,0.448880161733889
"JF5_neg",100,"201005",1.096072,0.319994,0.51683615201152,0.370120106226462
"JF5_pos",215.443469,"201005",1.523202,0.48707,0.544077079390072,0.514201861206564
"JF5_neg",215.443469,"201005",1.362282,0.449364,0.642363445863555,0.519755531086045
"JF5_pos",464.1588834,"201005",2.201088,0.53434,0.786213207782378,0.564105000343104
"JF5_neg",464.1588834,"201005",1.838728,0.651216,0.867024341572305,0.753227045183259
"JF5_pos",1000,"201005",1.685328,0.606485,0.601987350367391,0.640268782297951
"JF5_neg",1000,"201005",1.732511,0.555711,0.816939323837879,0.642761471625135
"JF5_pos",10,"201007",0.347005,0.367826,0.023681679679801,0.0800870400546243
"JF5_neg",10,"201007",2.76185,1.108563,0.207869875121524,0.2161099916875
"JF5_pos",21.5443469,"201007",0.665343,0.645482,0.0454069532231462,0.140541296125176
"JF5_neg",21.5443469,"201007",3.326294,1.319958,0.250352596410911,0.257320614532371
"JF5_pos",46.41588834,"201007",1.503165,0.870253,0.113135297296032,0.169652395575192
"JF5_neg",46.41588834,"201007",4.085561,1.593583,0.278822918731106,0.346972061657872
"JF5_pos",100,"201007",3.433239,1.439745,0.258401782208428,0.280672618499913
"JF5_neg",100,"201007",6.264765,1.889929,0.427544727019001,0.411495705913655
"JF5_pos",215.443469,"201007",6.35572,1.901712,0.433752035776156,0.414061227635783
"JF5_neg",215.443469,"201007",10.128193,3.102065,0.762295640283396,0.604735356821475
"JF5_pos",464.1588834,"201007",9.381113,3.035756,0.640222801129716,0.660977506669094
"JF5_neg",464.1588834,"201007",12.107834,3.794853,0.911292771719009,0.739791649446431
"JF5_pos",1000,"201007",11.042485,4.154969,0.753604681889331,0.904664620577997
"JF5_neg",1000,"201007",12.5519,4.620462,0.944715276187288,0.900740873015254
"King_2",10,"200923",0.766233,0.267784,0.246937663332948,0.316683775077224
"King_3",10,"200923",0.6473,0.32365,0.178188445912113,0.370999135691802
"King_4",10,"200923",0.979346,0.401783,0.287745801321048,0.464849073849109
"King_5",10,"200923",0.465737,0.312917,0.132540656896376,0.354391830290758
"King_6",10,"200923",0.811228,0.42801,0.243829334974836,0.485179693663792
"King_7",10,"200923",0.71508,0.46991,0.195181174739121,0.489441658837572
"King_9",10,"200923",0.40414,0.392459,0.106682223501027,0.426812729809649
"King_10",10,"200923",0.713792,0.457633,0.18605199140158,0.420745021711489
"King_11",10,"200923",0.565682,0.363154,0.154035801052498,0.347038238290276
"King_12",10,"200923",0.619731,0.550522,0.145716954096635,0.392180077905721
"King_2",21.5443469,"200923",0.956386,0.383131,0.308219202363177,0.453094178252293
"King_3",21.5443469,"200923",0.595418,0.504974,0.163906392844274,0.578850355466807
"King_4",21.5443469,"200923",1.340601,0.447849,0.393887664826116,0.518145847072299
"King_5",21.5443469,"200923",0.482271,0.322347,0.13724594597825,0.365071706934219
"King_6",21.5443469,"200923",1.141091,0.391718,0.342975661189913,0.444040137479482
"King_7",21.5443469,"200923",0.828081,0.474601,0.226024811712181,0.494327638752039
"King_9",21.5443469,"200923",0.526328,0.415268,0.138936609419628,0.451618305816896
"King_10",21.5443469,"200923",0.702009,0.390005,0.182980717676623,0.358568246154865
"King_11",21.5443469,"200923",0.82817,0.398518,0.225511558362556,0.380832882597918
"King_12",21.5443469,"200923",0.704639,0.587199,0.165681317890664,0.418307986903632
"King_2",46.41588834,"200923",1.785714,0.474864,0.575490800501847,0.561578451917482
"King_3",46.41588834,"200923",1.198425,0.388061,0.329901882113739,0.444833293977125
"King_4",46.41588834,"200923",1.528767,0.50017,0.449173515231771,0.578679439565907
"King_5",46.41588834,"200923",0.796053,0.396755,0.226542850459231,0.449341936126863
"King_6",46.41588834,"200923",1.574178,0.443508,0.47314783867423,0.502747775933836
"King_7",46.41588834,"200923",1.165612,0.457321,0.318153940048689,0.476329401079478
"King_9",46.41588834,"200923",0.586786,0.412411,0.154895915275087,0.448511219550392
"King_10",46.41588834,"200923",1.129829,0.560558,0.294493263294148,0.5153736463073
"King_11",46.41588834,"200923",1.03086,0.448342,0.280704257644716,0.428445832433455
"King_12",46.41588834,"200923",0.797758,0.696113,0.187576328868854,0.495895987029011
"King_2",100,"200923",2.416738,0.441295,0.778853996901649,0.521879449566455
"King_3",100,"200923",2.084713,0.385845,0.573878834609575,0.442293099060724
"King_4",100,"200923",2.24171,0.487849,0.658646321401635,0.564424467506624
"King_5",100,"200923",0.752371,0.397085,0.214111712339332,0.449715675182254
"King_6",100,"200923",2.19732,0.392471,0.660444504290912,0.444893716389622
"King_7",100,"200923",1.511999,0.44389,0.412700314684198,0.462340145860718
"King_9",100,"200923",1.076611,0.490424,0.284196702443866,0.533353053960203
"King_10",100,"200923",1.365085,0.54423,0.355813434000979,0.500361781528088
"King_11",100,"200923",1.796477,0.541564,0.489182568593995,0.51753090006288
"King_12",100,"200923",2.498117,0.973331,0.587380654214529,0.693380150853287
"King_2",215.443469,"200923",2.252416,0.526684,0.725897140809316,0.622861251578783
"King_3",215.443469,"200923",2.723574,0.629659,0.749744196487929,0.72177643992141
"King_4",215.443469,"200923",2.514238,0.584295,0.738718928776784,0.676009163166846
"King_5",215.443469,"200923",2.688545,0.719,0.765113187046482,0.814298123716688
"King_6",215.443469,"200923",2.316645,0.505902,0.696309804053583,0.573475800527791
"King_7",215.443469,"200923",2.76861,0.538341,0.755692443075569,0.560716971463211
"King_9",215.443469,"200923",1.34386,0.528256,0.3547433386304,0.574496661812637
"King_10",215.443469,"200923",1.776604,0.549987,0.463077075859653,0.505654732626442
"King_11",215.443469,"200923",2.48075,0.577496,0.675510823149728,0.551868338114633
"King_12",215.443469,"200923",3.459042,1.01391,0.813322335549349,0.722287761051129
"King_2",464.1588834,"200923",3.344432,0.671859,1.07782648783847,0.794546516743379
"King_3",464.1588834,"200923",3.720106,0.659384,1.02406906653534,0.755850128499932
"King_4",464.1588834,"200923",2.85437,0.665061,0.838654554076658,0.769452639616813
"King_5",464.1588834,"200923",3.560586,0.742771,1.01328090183095,0.841219793673391
"King_6",464.1588834,"200923",3.295442,0.795162,0.990505050747934,0.901372527681802
"King_7",464.1588834,"200923",3.460509,0.770618,0.944546360988003,0.802648490668622
"King_9",464.1588834,"200923",3.030962,0.742213,0.800093446595535,0.807182295807228
"King_10",464.1588834,"200923",2.317694,0.607688,0.604113781268905,0.558704684220349
"King_11",464.1588834,"200923",3.336454,0.76779,0.908519918549311,0.733717621110854
"King_12",464.1588834,"200923",3.814819,1.278042,0.896975954260756,0.910449738842014
"King_2",1000,"200923",3.216166,0.779849,1.03648957553495,0.922256465323538
"King_3",1000,"200923",3.535849,0.746424,0.973346884427464,0.85562384940404
"King_4",1000,"200923",3.50385,0.773196,1.02948102709232,0.894561105133456
"King_5",1000,"200923",3.638796,0.80602,1.03553810874357,0.912851980080841
"King_6",1000,"200923",3.310939,0.726057,0.995162956052121,0.823037108577958
"King_7",1000,"200923",3.686214,0.807075,1.00615256874727,0.840620814211942
"King_9",1000,"200923",3.504714,0.720267,0.925151388764235,0.783315262133895
"King_10",1000,"200923",2.889652,1.132203,0.753196321978335,1.04094061358515
"King_11",1000,"200923",3.335595,0.927182,0.908286011949659,0.88603624868363
"King_12",1000,"200923",3.909032,1.156246,0.919128196760011,0.82368487791256
"none",0,"200923",3.45901,0.692501,1,1
"none",0,"200923",3.565517,0.82069,1,1
"none",0,"200923",3.102941,0.845588,1,1
"none",0,"200923",3.632671,0.872374,1,1
"none",0,"200923",3.403511,0.86433,1,1
"none",0,"200923",3.513918,0.882969,1,1
"none",0,"200923",3.327032,0.882168,1,1
"none",0,"200923",3.663673,0.960094,1,1
"none",0,"200923",3.78826,0.919511,1,1
"none",0,"200923",3.836519,1.087673,1,1
"none",0,"200923",3.672406,1.046438,1,1
"none",0,"200923",4.252978,1.403748,1,1
"King_2",10,"200924",0.682594,0.236282,0.0323647299102565,0.102215737058428
"King_3",10,"200924",0.603355,0.264888,0.0295337388904305,0.114189200548857
"King_4",10,"200924",0.862018,0.200744,0.0408719967473777,0.0868419766213979
"King_5",10,"200924",0.192835,0.162387,0.0094391171680622,0.0700025735764824
"King_6",10,"200924",0.878426,0.203795,0.0416499708994615,0.0881618410789751
"King_7",10,"200924",0.829,0.813927,0.0405788790018594,0.350871588879563
"King_9",10,"200924",0.236427,0.236427,0.0112100252836858,0.10227846414671
"King_10",10,"200924",0.535865,0.252622,0.0262301580172876,0.108901513926842
"King_11",10,"200924",0.680353,0.167104,0.0322584744205674,0.0722892921399498
"King_12",10,"200924",0.442266,0.490079,0.0216485627269437,0.211265626286519
"King_2",21.5443469,"200924",2.022529,0.41816,0.0958968359239332,0.180896270593411
"King_3",21.5443469,"200924",1.455046,0.456059,0.0712233239760429,0.196600120100236
"King_4",21.5443469,"200924",2.48227,0.522822,0.117695142521517,0.226173115516043
"King_5",21.5443469,"200924",0.57973,0.272403,0.0283773142626634,0.11742880310588
"King_6",21.5443469,"200924",2.015952,0.590341,0.0955849919454925,0.255381876024452
"King_9",21.5443469,"200924",0.662739,0.415836,0.032440537624624,0.179260594664291
"King_10",21.5443469,"200924",1.176071,0.559765,0.0557626059858208,0.242154679808496
"King_11",21.5443469,"200924",1.087592,0.415156,0.0532367480957663,0.1789674569745
"King_12",21.5443469,"200924",0.994098,0.944393,0.0471344800486471,0.408544986786214
"King_2",46.41588834,"200924",4.378255,0.558811,0.214312038461141,0.24089494936693
"King_3",46.41588834,"200924",3.46079,0.483879,0.164091002303151,0.209326350005905
"King_4",46.41588834,"200924",4.264594,0.729719,0.208748424509114,0.31457079684739
"King_5",46.41588834,"200924",0.944717,0.379053,0.0447931135442559,0.163978558583423
"King_6",46.41588834,"200924",4.361371,0.519211,0.213485580327164,0.223823989785014
"King_7",46.41588834,"200924",2.904946,1.075565,0.137736037371967,0.46529007384925
"King_9",46.41588834,"200924",1.097046,0.495781,0.0536995137436356,0.21372367203238
"King_10",46.41588834,"200924",3.025126,0.747384,0.143434290272834,0.323318773438842
"King_11",46.41588834,"200924",3.02324,0.630699,0.147985150969338,0.27188477619584
"King_12",46.41588834,"200924",2.978086,1.170631,0.141203920690068,0.506415683329433
"King_2",100,"200924",8.663091,0.734406,0.424051292486245,0.316591291482755
"King_3",100,"200924",6.657054,0.745013,0.315639684362876,0.322293077395277
"King_4",100,"200924",6.796984,0.947609,0.332706865275723,0.408499872183346
"King_5",100,"200924",4.015627,0.685282,0.190398221014738,0.29645341042853
"King_6",100,"200924",6.030582,0.807514,0.295192107706624,0.348107041813936
"King_7",100,"200924",5.277502,1.176908,0.250229165259054,0.509131117351135
"King_9",100,"200924",2.1673,0.460499,0.106087580772895,0.198514136780633
"King_10",100,"200924",3.632016,0.71738,0.172209566550146,0.310339024771143
"King_11",100,"200924",4.519151,1.008542,0.221208783618977,0.434767164612763
"King_12",100,"200924",7.755102,1.731602,0.367702882909153,0.749092079472193
"King_2",215.443469,"200924",11.290037,0.873002,0.552638172918596,0.376337925680112
"King_3",215.443469,"200924",10.466067,0.976384,0.496241443197053,0.422384312863682
"King_4",215.443469,"200924",10.704987,1.226717,0.524000448961976,0.528819099127527
"King_5",215.443469,"200924",6.185224,0.760673,0.293268186058531,0.329067602929744
"King_6",215.443469,"200924",9.635456,1.164725,0.471647772197516,0.502095287854745
"King_7",215.443469,"200924",9.077224,1.595665,0.430390397652043,0.690285650508024
"King_9",215.443469,"200924",4.585817,0.9792,0.224472030359071,0.422118273298303
"King_10",215.443469,"200924",3.467422,1.042493,0.164405454069156,0.450983106513624
"King_11",215.443469,"200924",7.385411,1.306596,0.361509890648977,0.563253724896313
"King_12",215.443469,"200924",13.051439,2.249346,0.618825096873381,0.973068449096535
"King_2",464.1588834,"200924",15.014594,1.231757,0.734952223387267,0.53099176671068
"King_3",464.1588834,"200924",12.794481,1.183532,0.606641608198884,0.511996663784105
"King_4",464.1588834,"200924",12.77081,1.469657,0.625120812721033,0.633546849653559
"King_5",464.1588834,"200924",11.017906,1.123837,0.522406513779194,0.486172570439276
"King_6",464.1588834,"200924",14.174981,1.3606,0.693853846625641,0.586534030483733
"King_7",464.1588834,"200924",12.366052,1.857408,0.586327938769148,0.803515831668181
"King_9",464.1588834,"200924",7.902907,1.460627,0.386840900984256,0.629654153567076
"King_10",464.1588834,"200924",8.056997,1.15569,0.382017028852799,0.499952197632723
"King_11",464.1588834,"200924",11.851758,1.385024,0.580133961207864,0.597062846565267
"King_12",464.1588834,"200924",16.567383,2.348269,0.785531188546597,1.01586259912502
"King_2",1000,"200924",18.122456,1.653664,0.887079552762993,0.712869477426027
"King_3",1000,"200924",19.632798,1.58043,0.930875754332187,0.683694980232315
"King_4",1000,"200924",19.777805,2.167013,0.968107546462449,0.934166447891111
"King_5",1000,"200924",14.098198,1.518377,0.668456462393925,0.656850814651837
"King_6",1000,"200924",18.105299,1.683426,0.886239731499984,0.725699424372416
"King_7",1000,"200924",15.04769,2.046145,0.713475979313132,0.885163572779212
"King_9",1000,"200924",12.417693,1.789293,0.607836021386293,0.771337082909254
"King_10",1000,"200924",13.768389,1.86722,0.652818793139622,0.80776050884214
"King_11",1000,"200924",16.844949,1.830613,0.824546619135697,0.789149508412405
"King_12",1000,"200924",16.786166,2.247394,0.795904635579468,0.972224012708075
"none",0,"200924",21.090675,2.311601,1.0323714703167,0.996496142437328
"none",0,"200924",20.429347,2.319729,0.968643583005285,1.00351617774867
"King_2",2154.43469,"200924",19.405405,1.855856,0.949878867885498,0.800031382976201
"King_3",2154.43469,"200924",19.40333,2.006244,0.919995685296938,0.867902375885804
"King_4",2154.43469,"200924",19.371578,2.355155,0.948223063615298,1.01527161146841
"King_5",2154.43469,"200924",18.742633,2.380017,0.888669186737741,1.02959680325454
"King_6",2154.43469,"200924",23.191357,2.93003,1.13519815391065,1.2630915076718
"King_7",2154.43469,"200924",17.778057,2.340211,0.842934472225284,1.01237670341897
"King_9",2154.43469,"200924",15.888509,2.304647,0.777729655284626,0.993498378474382
"King_10",2154.43469,"200924",18.526466,2.346209,0.878419775564319,1.01497144187081
"King_11",2154.43469,"200924",18.822357,2.323085,0.921339140208446,1.00144672071608
"King_12",2154.43469,"200924",18.166925,2.430145,0.861372383766759,1.05128220657458
"King_2",10,"200930",0.531788,0.385674,0.0810704467466586,0.12129116338867
"King_3",10,"200930",0.392635,0.512756,0.0454434239296748,0.139380562245503
"King_4",10,"200930",0.677678,0.526664,0.103311203356191,0.165631308501301
"King_5",10,"200930",0.385404,0.450222,0.0446065107700342,0.122382176893678
"King_6",10,"200930",0.628728,0.348349,0.0958488342010973,0.109552771188309
"King_7",10,"200930",0.436408,0.697884,0.0505096941187146,0.189703220054257
"King_9",10,"200930",0.386832,0.335127,0.0589720773238648,0.105394565651184
"King_10",10,"200930",0.552261,0.438225,0.0639184757925965,0.119121076867039
"King_11",10,"200930",0.501908,0.342423,0.076515276361486,0.107689095041508
"King_12",10,"200930",0.544912,0.657977,0.0630679053583275,0.178855448214373
"King_2",21.5443469,"200930",1.347496,0.595674,0.205424159080941,0.18733436130095
"King_3",21.5443469,"200930",0.755463,0.536941,0.0874369971403056,0.145954681120577
"King_4",21.5443469,"200930",0.946991,0.526351,0.144367649204316,0.165532872687269
"King_5",21.5443469,"200930",0.454651,0.388591,0.0526211319241804,0.105629250683643
"King_6",21.5443469,"200930",0.939846,0.458094,0.143278402470646,0.144066631925848
"King_9",21.5443469,"200930",0.706657,1.00029,0.081788209466482,0.271905121750996
"King_10",21.5443469,"200930",0.557317,0.629605,0.0849623123679126,0.198005369626482
"King_11",21.5443469,"200930",0.750814,0.681079,0.0868989236678717,0.185135179215074
"King_12",21.5443469,"200930",0.596791,0.576369,0.0909800766177219,0.1812631044643
"King_2",46.41588834,"200930",2.610018,1.182223,0.302082479753669,0.321359294556407
"King_3",46.41588834,"200930",1.391778,0.671956,0.212174897199957,0.211324395696877
"King_4",46.41588834,"200930",1.483775,0.718355,0.171731547980321,0.195267776080374
"King_5",46.41588834,"200930",1.457609,0.682001,0.222210754684104,0.214483461997014
"King_6",46.41588834,"200930",0.786484,0.612588,0.0910273557525598,0.166517524641053
"King_7",46.41588834,"200930",1.038786,0.672288,0.158361687541228,0.211428806847862
"King_9",46.41588834,"200930",0.888011,1.23757,0.102778051694868,0.33640406434672
"King_10",46.41588834,"200930",0.791135,0.512332,0.120607587773545,0.161124017489497
"King_11",46.41588834,"200930",1.016145,0.876888,0.117608231586637,0.238361213650029
"King_12",46.41588834,"200930",1.100201,0.784672,0.167724331088931,0.246772610439165
"King_2",100,"200930",4.147298,1.547585,0.480006675861022,0.420674292300248
"King_3",100,"200930",1.991391,0.875141,0.303585184354057,0.275224334591194
"King_4",100,"200930",1.836762,0.993409,0.21258612763487,0.270034685034875
"King_5",100,"200930",1.588638,0.971314,0.242185969556888,0.305469917795088
"King_6",100,"200930",1.334554,0.785032,0.154460766816619,0.213392337760478
"King_7",100,"200930",1.98257,0.983024,0.302240433418059,0.309152612307244
"King_9",100,"200930",1.523322,1.480024,0.176308702554281,0.402309436177905
"King_10",100,"200930",1.165516,0.920695,0.177681524988113,0.289550676675461
"King_11",100,"200930",0.937775,0.924099,0.108537717920335,0.251194404727603
"King_12",100,"200930",2.217107,1.279017,0.337995319516695,0.402239870781766
"King_2",215.443469,"200930",4.698446,1.827995,0.543796333461573,0.496897102875379
"King_3",215.443469,"200930",2.777725,1.379284,0.423460865400051,0.433772981853531
"King_4",215.443469,"200930",2.739458,1.029739,0.317063815583274,0.279910134227823
"King_5",215.443469,"200930",2.482562,1.179971,0.378463617863281,0.371090753732148
"King_6",215.443469,"200930",2.362685,1.050567,0.273456253434573,0.285571732240229
"King_7",215.443469,"200930",2.148953,1.196551,0.327605323451398,0.376305021453032
"King_9",215.443469,"200930",1.915224,1.560784,0.221667289345798,0.424262127530023
"King_10",215.443469,"200930",1.887967,1.470724,0.287818318828083,0.462530077173049
"King_11",215.443469,"200930",1.833843,1.528202,0.212248283697242,0.415405483279965
"King_12",215.443469,"200930",2.29759,1.721443,0.350264856936703,0.541379051160521
"King_2",464.1588834,"200930",4.815174,1.613302,0.557306387299012,0.438537900739911
"King_3",464.1588834,"200930",3.714952,1.390169,0.566340004442358,0.437196220945317
"King_4",464.1588834,"200930",2.819122,1.244958,0.326284096312027,0.338412316992949
"King_5",464.1588834,"200930",3.197043,1.911056,0.487385394702922,0.601010712521193
"King_6",464.1588834,"200930",2.916056,1.482817,0.337503200200368,0.403068647011814
"King_7",464.1588834,"200930",3.508534,1.611662,0.534871826377882,0.506853868731911
"King_9",464.1588834,"200930",3.677754,2.115324,0.425661833843282,0.57500067956573
"King_10",464.1588834,"200930",2.142554,1.673502,0.32662980352855,0.526302018059984
"King_11",464.1588834,"200930",1.9013,1.886466,0.220055730939653,0.512791058002294
"King_12",464.1588834,"200930",3.541376,1.928183,0.539878550132562,0.606397007048067
"King_2",1000,"200930",6.081542,2.458979,0.703875332693525,0.668415143986387
"King_3",1000,"200930",4.388708,1.707749,0.669053303573293,0.537072405673803
"King_4",1000,"200930",3.994709,1.826664,0.462346083672335,0.496535302080558
"King_5",1000,"200930",4.461276,1.99204,0.680116208677417,0.626479485567517
"King_6",1000,"200930",3.347204,1.661825,0.387404103941582,0.451727727912755
"King_7",1000,"200930",4.530422,1.755707,0.69065743396032,0.552154785128456
"King_9",1000,"200930",3.635995,1.994951,0.420828663239848,0.542280133303614
"King_10",1000,"200930",3.748352,2.23668,0.571431794631942,0.703416666221137
"King_11",1000,"200930",3.747889,2.498593,0.433779231775987,0.679183270722677
"King_12",1000,"200930",4.731316,2.45337,0.72128348480901,0.771563811724051
"none",0,"200930",6.559579,3.179737,0.759203151265659,0.86433611864674
"none",0,"200930",8.640084,3.67882,1.31717050743653,1.15695732068407
"King_2",2154.43469,"200930",7.680273,2.955033,0.888911843912629,0.803255663500796
"King_3",2154.43469,"200930",6.54442,2.172175,0.997689028518446,0.683130397262415
"King_4",2154.43469,"200930",6.556472,2.45463,0.758843548280318,0.66723297144193
"King_5",2154.43469,"200930",6.877511,2.87515,1.04846835444775,0.904210002273773
"King_6",2154.43469,"200930",5.414892,2.227324,0.62671751802413,0.605445224283874
"King_7",2154.43469,"200930",7.30565,3.013737,1.11373763468662,0.947794424507436
"King_9",2154.43469,"200930",6.053077,2.929447,0.700580804538474,0.796300715990453
"King_10",2154.43469,"200930",5.01742,2.837015,0.764899698593462,0.892216872024322
"King_11",2154.43469,"200930",4.658355,2.623699,0.539156216536784,0.713190370825428
"King_12",2154.43469,"200930",5.624571,2.859105,0.857459144862803,0.899163987461856
"King_2",10,"201005",0.35396,0.113773,0.126432031352972,0.120110637803713
"King_3",10,"201005",0.294203,0.123493,0.138726969058826,0.142837810328395
"King_4",10,"201005",0.479825,0.200242,0.171390127257147,0.21139632720497
"King_5",10,"201005",0.154358,0.051453,0.072785177207514,0.0595129590732019
"King_6",10,"201005",0.382876,0.126268,0.136760623901855,0.133301662206316
"King_7",10,"201005",0.244686,0.405261,0.115377977624728,0.46874392760315
"King_9",10,"201005",0.224841,0.158221,0.0803116294537055,0.167034579592181
"King_10",10,"201005",0.313015,0.181219,0.147597482758328,0.209606416152344
"King_11",10,"201005",0.214494,0.118656,0.0766157535682687,0.125265641577856
"King_12",10,"201005",0.264348,0.214543,0.124649295951307,0.248150521416476
"King_2",21.5443469,"201005",0.453023,0.181847,0.161816640692783,0.191976647822346
"King_3",21.5443469,"201005",0.405899,0.245773,0.191395526265906,0.284272607822635
"King_4",21.5443469,"201005",0.745743,0.285682,0.266374173232172,0.301595696949543
"King_5",21.5443469,"201005",0.42182,0.143337,0.19890283269849,0.165790313775203
"King_6",21.5443469,"201005",0.590074,0.265729,0.210770297402457,0.280531230370499
"King_7",21.5443469,"201005",0.42735,0.43142,0.201510420448769,0.499000656975507
"King_9",21.5443469,"201005",0.29602,0.204656,0.1057362694121,0.216056205693413
"King_10",21.5443469,"201005",0.478401,0.205535,0.225582746351028,0.23773144506852
"King_11",21.5443469,"201005",0.227567,0.188331,0.0812853375491631,0.198821834074966
"King_12",21.5443469,"201005",0.324928,0.360246,0.153214877490529,0.416677462038845
"King_2",46.41588834,"201005",0.883318,0.250057,0.315514999069512,0.26398623361679
"King_3",46.41588834,"201005",0.654743,0.235548,0.308734145819325,0.272445892052447
"King_4",46.41588834,"201005",1.220202,0.362763,0.435847602895692,0.38297043500293
"King_5",46.41588834,"201005",0.500705,0.179865,0.236099859765534,0.208040316088497
"King_6",46.41588834,"201005",0.879954,0.295847,0.31431340184533,0.312326930487155
"King_7",46.41588834,"201005",0.605245,0.470746,0.285394113547479,0.544486957648213
"King_9",46.41588834,"201005",0.492264,0.262541,0.175833250881284,0.27716564527282
"King_10",46.41588834,"201005",0.735889,0.346754,0.346997313194394,0.401071980457292
"King_11",46.41588834,"201005",0.814515,0.258576,0.29093904965947,0.2729797779854
"King_12",46.41588834,"201005",0.466189,0.49022,0.219824362697066,0.567011501697958
"King_2",100,"201005",1.365796,0.292953,0.487852759333721,0.309271722434243
"King_3",100,"201005",1.00054,0.235421,0.471789484206883,0.272298997881023
"King_4",100,"201005",1.092467,0.314174,0.390221556096981,0.331674821981874
"King_5",100,"201005",0.794989,0.279451,0.374865023147646,0.323226166131525
"King_6",100,"201005",1.117427,0.306078,0.399137093170577,0.323127840504204
"King_7",100,"201005",0.941009,0.501576,0.44371854273096,0.580146385246736
"King_9",100,"201005",0.406304,0.299147,0.14512894131212,0.315810754459031
"King_10",100,"201005",0.796884,0.41635,0.375758581698601,0.481569986397831
"King_11",100,"201005",1.056481,0.426656,0.377367609096562,0.450422545619619
"King_12",100,"201005",0.905913,0.836985,0.427169555446369,0.96809620527246
"King_2",215.443469,"201005",1.535027,0.254121,0.548300886517286,0.268276615623367
"King_3",215.443469,"201005",1.688982,0.459438,0.796413883117826,0.531407593156351
"King_4",215.443469,"201005",1.727894,0.623962,0.617191627253397,0.658719325193854
"King_5",215.443469,"201005",0.934247,0.39604,0.440530024038847,0.458078485440127
"King_6",215.443469,"201005",1.461977,0.380036,0.522207938471364,0.401205614235116
"King_7",215.443469,"201005",1.572216,0.590559,0.741354644193944,0.683068306946359
"King_9",215.443469,"201005",0.961632,0.49302,0.343488211023904,0.52048330139828
"King_10",215.443469,"201005",1.074279,0.425327,0.506559992908116,0.491953206688196
"King_11",215.443469,"201005",1.716889,0.595655,0.613260718379401,0.628835505444795
"King_12",215.443469,"201005",1.95178,2.468427,0.920332300043287,2.85509873138955
"King_2",464.1588834,"201005",1.73677,0.362007,0.620362072247998,0.3821723226021
"King_3",464.1588834,"201005",2.092167,0.440035,0.986529663786217,0.508965171044961
"King_4",464.1588834,"201005",1.781542,0.715537,0.636354316873761,0.755395440413414
"King_5",464.1588834,"201005",1.554751,0.38422,0.733119287944646,0.444406917674492
"King_6",464.1588834,"201005",1.358913,0.369704,0.485394199971639,0.390298078090442
"King_7",464.1588834,"201005",1.9059,0.614439,0.898698280878224,0.710689037762212
"King_9",464.1588834,"201005",1.234568,0.593024,0.440979037414894,0.626057947605399
"King_10",464.1588834,"201005",1.302059,0.564069,0.613966202267705,0.652428727410684
"King_11",464.1588834,"201005",2.207471,0.547916,0.788493170648595,0.578437241022555
"King_12",464.1588834,"201005",2.001902,0.802873,0.943966570064892,0.928640662157285
"King_2",1000,"201005",1.911025,0.506163,0.682604737022018,0.534358422144452
"King_3",1000,"201005",2.335432,0.555685,1.10123759038144,0.642731398802639
"King_4",1000,"201005",2.388159,0.738225,0.853033657938418,0.779347258072179
"King_5",1000,"201005",2.077922,0.616883,0.979812649771258,0.713515883076866
"King_6",1000,"201005",1.789112,0.667579,0.639058267821162,0.70476597676395
"King_7",1000,"201005",2.260677,0.819435,1.06598800226714,0.947797050087443
"King_9",1000,"201005",1.80388,0.745209,0.64433329392304,0.786720296441749
"King_10",1000,"201005",1.857066,0.700893,0.875671347750354,0.810685799150558
"King_11",1000,"201005",2.167846,0.616603,0.774339398351269,0.65095039773657
"King_12",1000,"201005",1.843779,0.707497,0.869406064126854,0.818324296064624
"none",0,"201005",2.799607,0.947235,1,1
"none",0,"201005",2.120734,0.864568,1,1
"King_2",2154.43469,"201005",1.934344,0.736688,0.690934120396184,0.777724640664671
"King_3",2154.43469,"201005",1.95053,0.537102,0.919742881474056,0.621237427246902
"King_4",2154.43469,"201005",1.897095,0.664265,0.67762903864721,0.701267372932799
"King_5",2154.43469,"201005",2.261291,0.55911,1.06627752466835,0.64669291484302
"King_6",2154.43469,"201005",2.439024,0.740646,0.871202279462796,0.781903118022455
"King_7",2154.43469,"201005",1.895651,0.868596,0.893865520145384,1.00465897419289
"King_9",2154.43469,"201005",1.818606,0.833528,0.649593317919265,0.879959038675725
"King_10",2154.43469,"201005",1.719473,0.691397,0.810791452393369,0.799702279057286
"King_11",2154.43469,"201005",1.8994,0.791932,0.678452368493149,0.836045965362344
"King_12",2154.43469,"201005",1.980673,0.911521,0.933956356619925,1.0543080474873
"King_2",10,"201007",0.569416,0.51697,0.0388603256914268,0.112560278765066
"King_3",10,"201007",0.567299,0.442959,0.0426976020734528,0.0863531128207448
"King_4",10,"201007",1.036196,0.652945,0.0707161618924542,0.142166220899193
"King_5",10,"201007",0.315706,0.412172,0.0237615246284613,0.0803513083999919
"King_6",10,"201007",0.895204,0.615966,0.0610940314291626,0.134114754569516
"King_7",10,"201007",0.741012,1.18013,0.055772062893912,0.230061696529804
"King_9",10,"201007",0.808851,0.483451,0.0552007904516843,0.105262160916978
"King_10",10,"201007",0.734994,0.632911,0.0553191197911073,0.123383507251214
"King_11",10,"201007",0.786102,0.514363,0.0536482637415914,0.111992654634574
"King_12",10,"201007",0.732145,0.863379,0.0551046905953793,0.168312336342781
"King_2",21.5443469,"201007",1.328564,0.894226,0.0906690885783062,0.194700520028183
"King_3",21.5443469,"201007",1.110444,0.870348,0.0835772600284034,0.169670915451113
"King_4",21.5443469,"201007",1.855288,1.155987,0.126615858935112,0.2516939454297
"King_5",21.5443469,"201007",0.765027,0.640125,0.0575795452159221,0.124789848144815
"King_6",21.5443469,"201007",1.384993,1.157083,0.0945201382826375,0.251932578359129
"King_7",21.5443469,"201007",0.998157,1.658477,0.0751260100808065,0.323313560604052
"King_9",21.5443469,"201007",1.168038,1.114946,0.0797138420767292,0.242758056691868
"King_10",21.5443469,"201007",1.103062,1.234771,0.0830216558434741,0.240713744321221
"King_11",21.5443469,"201007",0.949777,0.949777,0.0648184166834552,0.206795682311639
"King_2",46.41588834,"201007",2.611903,1.186322,0.196584155707057,0.231268802547711
"King_3",46.41588834,"201007",2.622799,1.084337,0.17899536255242,0.236093535399105
"King_4",46.41588834,"201007",2.483749,1.571747,0.186938680400171,0.306405888618737
"King_5",46.41588834,"201007",1.248814,0.742966,0.0852264754907019,0.161766562997787
"King_6",46.41588834,"201007",2.646617,1.428571,0.199196895300072,0.278494291199511
"King_7",46.41588834,"201007",2.053232,2.34474,0.140124731725241,0.510522057433895
"King_9",46.41588834,"201007",2.040515,1.227266,0.153578796181399,0.239250674123484
"King_10",46.41588834,"201007",1.672659,1.578865,0.1141521725956,0.343767500111043
"King_11",46.41588834,"201007",1.975487,1.268926,0.148684481776416,0.24737212707988
"King_12",46.41588834,"201007",1.851629,1.791511,0.126366147069438,0.39006707849717
"King_2",100,"201007",4.168888,1.727263,0.313770200393078,0.336723120447035
"King_3",100,"201007",4.501551,1.125388,0.3072125440391,0.245031601444687
"King_4",100,"201007",4.142766,1.869556,0.31180413529978,0.364462580493229
"King_5",100,"201007",2.194787,1.45176,0.149785284648323,0.316092829951394
"King_6",100,"201007",4.01662,1.322085,0.302309791556608,0.257735264806933
"King_7",100,"201007",3.332874,2.396364,0.227455092811738,0.521762190963824
"King_9",100,"201007",3.171221,1.554274,0.238681070026524,0.302999596071759
"King_10",100,"201007",3.034771,2.125568,0.207110775705103,0.462801568009949
"King_11",100,"201007",3.355973,1.6114,0.252586378123796,0.31413608482805
"King_2",215.443469,"201007",8.215458,2.251895,0.56067158910926,0.490306843626628
"King_3",215.443469,"201007",7.932888,2.060596,0.597066617634209,0.401705076239506
"King_4",215.443469,"201007",7.184195,3.192975,0.490292084400017,0.695208921387868
"King_5",215.443469,"201007",4.285062,1.489265,0.32251400431884,0.290326347506172
"King_6",215.443469,"201007",6.122232,2.05494,0.417817429574293,0.44742367883143
"King_7",215.443469,"201007",5.712848,2.705423,0.429975922062476,0.527411560769366
"King_9",215.443469,"201007",4.995886,2.691901,0.340948896900051,0.586109691022612
"King_10",215.443469,"201007",4.847421,2.727518,0.364839798660845,0.531718894016404
"King_11",215.443469,"201007",6.202565,2.60403,0.423299830040331,0.566977470090323
"King_12",215.443469,"201007",7.457839,3.860087,0.561312186254298,0.752508760876041
"King_2",464.1588834,"201007",9.060271,2.672623,0.61832663977231,0.581912277141665
"King_3",464.1588834,"201007",9.934149,2.916275,0.74769097238033,0.568516327902396
"King_4",464.1588834,"201007",10.549622,4.337067,0.71996878704048,0.944312959248637
"King_5",464.1588834,"201007",8.476301,2.631579,0.637966446534914,0.513015963743152
"King_6",464.1588834,"201007",10.439874,3.356184,0.71247893248075,0.730744543449047
"King_7",464.1588834,"201007",9.403404,4.594282,0.707744596990149,0.895637185103626
"King_9",464.1588834,"201007",8.679901,4.941313,0.592367934566892,1.07587590913485
"King_10",464.1588834,"201007",8.918483,4.062416,0.671247152265126,0.791952002719887
"King_11",464.1588834,"201007",8.990659,3.463934,0.61357590394467,0.754205034458073
"King_12",464.1588834,"201007",10.071514,4.439809,0.758029711050449,0.865523282018331
"King_2",1000,"201007",12.013226,3.462528,0.819853806294022,0.753898904988386
"King_3",1000,"201007",11.02791,3.233492,0.830012591035505,0.630356532954462
"King_4",1000,"201007",12.048351,4.716857,0.822250944660193,1.02700493029567
"King_5",1000,"201007",10.387644,3.255603,0.781823147921448,0.634666985338497
"King_6",1000,"201007",12.693645,5.090104,0.866289635190005,1.10827228888171
"King_7",1000,"201007",11.884649,4.86455,0.894494814524014,0.948324867475667
"King_9",1000,"201007",10.040907,4.747738,0.685251057675456,1.03372867435924
"King_10",1000,"201007",10.597015,5.164179,0.797581398233402,1.00673636118359
"King_11",1000,"201007",11.85341,5.365597,0.808947014404259,1.16825559328588
"King_12",1000,"201007",11.844637,4.268879,0.89148332242873,0.832201151585379
"none",0,"201007",14.652888,4.592828,1,1
"none",0,"201007",13.286437,5.129624,1,1
"King_2",2154.43469,"201007",12.445347,3.841349,0.849344306733253,0.836379894914419
"King_3",2154.43469,"201007",12.234168,3.62552,0.920801265230099,0.70678084787501
"King_4",2154.43469,"201007",12.944716,4.843926,0.883424209616562,1.05467176214742
"King_5",2154.43469,"201007",11.133329,3.413554,0.837946922865777,0.665458910828552
"King_6",2154.43469,"201007",12.586196,4.652961,0.858956678028249,1.01309280469462
"King_7",2154.43469,"201007",11.807212,4.637295,0.888666540171756,0.904022400082345
"King_9",2154.43469,"201007",11.427608,4.163155,0.779887760010177,0.906446964702358
"King_10",2154.43469,"201007",12.131821,4.58939,0.913098146628776,0.894683508966739
"King_11",2154.43469,"201007",11.126187,4.450475,0.759317002900725,0.969005370982758
"King_12",2154.43469,"201007",11.954301,4.025119,0.899737153007989,0.784681099433409
